{
  "77-03 31 AVENUE, QUEENS": [
    40.7612598,
    -73.8665499
  ],
  "77-11 31ST AVE, QUEENS": [
    40.7590127,
    -73.8901993
  ],
  "98-15 ASTORIA BOULEVARD, QUEENS": [
    40.7624445,
    -73.8708509
  ],
  "98-13 ASTORIA BLVD, QUEENS": [
    40.7621382,
    -73.8706561
  ],
  "98-11 ASTORIA BLVD, QUEENS": [
    40.7621382,
    -73.8706561
  ],
  "98-09 ASTORIA BLVD, QUEENS": [
    40.7625141,
    -73.8709993
  ],
  "98-07 ASTORIA BLVD, QUEENS": [
    40.762535,
    -73.8710752
  ],
  "98-03 ASTORIA BOULEVARD, QUEENS": [
    40.7624961,
    -73.8711597
  ],
  "25-74 98 STREET, QUEENS": [
    40.7626538,
    -73.8715437
  ],
  "95-13 ASTORIA BOULEVARD, QUEENS": [
    40.7629559,
    -73.8736789
  ],
  "95-03 ASTORIA BLVD, QUEENS": [
    40.7621382,
    -73.8706561
  ],
  "94-11 ASTORIA BOULEVARD, QUEENS": [
    40.7632087,
    -73.8747805
  ],
  "94-15 ASTORIA BOULEVARD, QUEENS": [
    40.7631251,
    -73.8746198
  ],
  "94-09 ASTORIA BOULEVARD, QUEENS": [
    40.7631801,
    -73.8748488
  ],
  "94-08 ASTORIA BLVD, QUEENS": [
    40.7626675,
    -73.8748815
  ],
  "91-16 25TH AVE, QUEENS": [
    40.7644092,
    -73.8738536
  ],
  "91-08 25 AVENUE, QUEENS": [
    40.7644092,
    -73.8738536
  ],
  "87-12 ASTORIA BLVD, QUEENS": [
    40.7638929,
    -73.8817035
  ],
  "84-04 ASTORIA BOULEVARD, QUEENS": [
    40.7650237,
    -73.8867149
  ],
  "23-58 83 STREET, QUEENS": [
    40.7654943,
    -73.8864449
  ],
  "25-39 BOODY ST, QUEENS": [
    40.7611159,
    -73.8974022
  ],
  "25-16 71 STREET, QUEENS": [
    40.7614579,
    -73.8970752
  ],
  "75-06 31 AVENUE, QUEENS": [
    40.7584468,
    -73.8922739
  ],
  "62-05 30 AVENUE, QUEENS": [
    40.7601604,
    -73.900999
  ],
  "61-02 31 AVENUE, QUEENS": [
    40.7574601,
    -73.901721
  ],
  "57-07 31ST AVE, QUEENS": [
    40.7577364,
    -73.9036164
  ],
  "56-02 31 AVE, QUEENS": [
    40.7568392,
    -73.9051885
  ],
  "50-27 31 AVENUE, QUEENS": [
    40.7572375,
    -73.9080539
  ],
  "51-10 31 AVENUE, QUEENS": [
    40.7568352,
    -73.9076183
  ],
  "31-15 51 STREET, QUEENS": [
    40.7563374,
    -73.9078327
  ]
}