{
  "80-02 ASTORIA BLVD, QUEENS": [
    40.7651176,
    -73.8888574
  ],
  "80-02 24 AVENUE, QUEENS": [
    40.7645581,
    -73.8886802
  ],
  "25-65 BROOKLYN QUEENS EXPRESSWAY, QUEENS": [
    40.7304076,
    -73.9263229
  ],
  "77-01 30TH AVE, QUEENS": [
    40.7609719,
    -73.8909335
  ],
  "30-01 83 STREET, QUEENS": [
    40.7611993,
    -73.8852121
  ],
  "25-01 83RD ST, QUEENS": [
    40.7630491,
    -73.8855282
  ],
  "80-10 ASTORIA BLVD, QUEENS": [
    40.7649927,
    -73.8885537
  ],
  "80-12 ASTORIA BOULEVARD, QUEENS": [
    40.7650373,
    -73.8884697
  ],
  "81-07 ASTORIA BOULEVARD, QUEENS": [
    40.7621382,
    -73.8706561
  ],
  "24-02 82 STREET, QUEENS": [
    40.7639002,
    -73.8868881
  ],
  "72-05 ASTORIA BLVD N, QUEENS": [
    40.7706819,
    -73.9169993
  ],
  "22-38 73RD ST, QUEENS": [
    40.7670783,
    -73.8961967
  ],
  "73-01 25TH AVENUE, QUEENS": [
    40.7632745,
    -73.8947632
  ],
  "25-14 71 STREET, QUEENS": [
    40.7615474,
    -73.8971504
  ],
  "76-02 25 AVENUE, QUEENS": [
    40.7622425,
    -73.8921173
  ],
  "30-02 85 STREET, QUEENS": [
    40.7613396,
    -73.8838848
  ],
  "58-09 28 AVENUE, QUEENS": [
    40.7602345,
    -73.901964
  ],
  "61-05 30 AVENUE, QUEENS": [
    40.7618652,
    -73.9106584
  ],
  "60-06 27TH AVE, QUEENS": [
    40.7746896,
    -73.933322
  ],
  "31-49 76 STREET, QUEENS": [
    40.7572557,
    -73.8911193
  ],
  "32-01 77 STREET, QUEENS": [
    40.7570916,
    -73.8901345
  ],
  "32-01 76 STREET, QUEENS": [
    40.7569843,
    -73.8910803
  ],
  "31-52 77TH STREET, QUEENS": [
    40.7573058,
    -73.8906637
  ],
  "32-02 78 STREET, QUEENS": [
    40.7571296,
    -73.8896783
  ],
  "32-02 81 STREET, QUEENS": [
    40.7574133,
    -73.8869016
  ],
  "32-01 75 STREET, QUEENS": [
    40.7568871,
    -73.8919383
  ],
  "126-02 NORTHERN BOULEVARD, QUEENS": [
    40.7605329,
    -73.8455091
  ],
  "126-12 NORTHERN BOULEVARD, QUEENS": [
    40.7605589,
    -73.8452833
  ],
  "126-16 NORTHERN BOULEVARD, QUEENS": [
    40.7605133,
    -73.8451431
  ],
  "30-50 77 STREET, QUEENS": [
    40.7589861,
    -73.8910792
  ],
  "78-03 31 AVENUE, QUEENS": [
    40.7591054,
    -73.8896438
  ],
  "25-39 BOODY ST, QUEENS": [
    40.7611159,
    -73.8974022
  ],
  "25-16 71 STREET, QUEENS": [
    40.7614579,
    -73.8970752
  ],
  "25-02 76TH ST, QUEENS": [
    40.7622774,
    -73.8925434
  ],
  "25-59 76 STREET, QUEENS": [
    40.7607931,
    -73.891751
  ],
  "30-45 75TH ST, QUEENS": [
    40.7592369,
    -73.8923846
  ],
  "80-18 31 AVENUE, QUEENS": [
    40.7589624,
    -73.88721
  ],
  "31-08 81 STREET, QUEENS": [
    40.7588947,
    -73.8871385
  ],
  "82-16 31 AVENUE, QUEENS": [
    40.7590972,
    -73.8853249
  ],
  "31-06 83 STREET, QUEENS": [
    40.7590543,
    -73.8851824
  ],
  "86-03 25 AVENUE, QUEENS": [
    40.7636179,
    -73.8827483
  ],
  "87-01 25 AVENUE, QUEENS": [
    40.763669,
    -73.881928
  ],
  "89-10 ASTORIA BLVD, QUEENS": [
    40.7649166,
    -73.8869905
  ],
  "89-01 ASTORIA BOULEVARD, QUEENS": [
    40.7640562,
    -73.87989
  ],
  "89-15 ASTORIA BLVD, QUEENS": [
    40.7640067,
    -73.8796239
  ],
  "91-07 25 AVENUE, QUEENS": [
    40.7644092,
    -73.8738536
  ],
  "91-08 25 AVENUE, QUEENS": [
    40.7644092,
    -73.8738536
  ],
  "91-16 25TH AVE, QUEENS": [
    40.7644092,
    -73.8738536
  ],
  "91-17 25TH AVE, QUEENS": [
    40.7644092,
    -73.8738536
  ],
  "91-11 25TH AVE, QUEENS": [
    40.7644092,
    -73.8738536
  ],
  "26-13 91 STREET, QUEENS": [
    40.7629984,
    -73.8779571
  ],
  "90-28 ASTORIA BLVD, QUEENS": [
    40.7633521,
    -73.8784769
  ],
  "25-57 89 STREET, QUEENS": [
    40.762068,
    -73.8796829
  ],
  "85-05 ASTORIA BLVD, QUEENS": [
    40.7717671,
    -73.9244072
  ],
  "81-18 24TH AVE, QUEENS": [
    40.7645275,
    -73.8871746
  ],
  "84-15 ASTORIA BOULEVARD, QUEENS": [
    40.7649124,
    -73.8847576
  ],
  "24-02 86 STREET, QUEENS": [
    40.7651148,
    -73.883581
  ],
  "24-01 86 STREET, QUEENS": [
    40.7651695,
    -73.8830562
  ],
  "24-03 86TH ST, QUEENS": [
    40.7651185,
    -73.8830256
  ],
  "24-02 87 STREET, QUEENS": [
    40.7652113,
    -73.8826574
  ],
  "24-34 87 STREET, QUEENS": [
    40.7644722,
    -73.8825096
  ],
  "24-01 87TH ST, QUEENS": [
    40.7652617,
    -73.882125
  ],
  "91-18 ASTORIA BLVD, QUEENS": [
    40.7631127,
    -73.8774728
  ],
  "26-04 93RD ST, QUEENS": [
    40.7629006,
    -73.8764061
  ],
  "93-12 ASTORIA BOULEVARD, QUEENS": [
    40.7612576,
    -73.8654829
  ],
  "26-07 94TH STREET, QUEENS": [
    40.7626194,
    -73.8750884
  ],
  "30-33 93RD ST, QUEENS": [
    40.7604673,
    -73.8755992
  ],
  "93-09 ASTORIA BOULEVARD, QUEENS": [
    40.763326,
    -73.8758497
  ],
  "77-13 25 AVENUE, QUEENS": [
    40.7627275,
    -73.8908947
  ],
  "80-01 30 AVENUE, QUEENS": [
    40.7612558,
    -73.8881492
  ],
  "75-81 31 AVENUE, QUEENS": [
    40.7602304,
    -73.8911652
  ],
  "26-49 96 STREET, QUEENS": [
    40.7611185,
    -73.872813
  ],
  "89-19 NORTHERN BOULEVARD, QUEENS": [
    40.7564653,
    -73.8782136
  ],
  "31-02 75TH ST, QUEENS": [
    40.7583702,
    -73.8927636
  ],
  "30-53 82ND ST, QUEENS": [
    40.759664,
    -73.88586
  ],
  "58-02 NORTHERN BOULEVARD, QUEENS": [
    40.7535927,
    -73.9026295
  ],
  "82-01 25 AVENUE, QUEENS": [
    40.7632486,
    -73.8866185
  ],
  "102-23 29TH AVE, QUEENS": [
    40.7620694,
    -73.8667713
  ],
  "103-01 ASTORIA BOULEVARD, QUEENS": [
    40.7616244,
    -73.8660278
  ],
  "102-21 ASTORIA BOULEVARD, QUEENS": [
    40.7648953,
    -73.8859673
  ],
  "101-15 ASTORIA BOULEVARD, QUEENS": [
    40.7618964,
    -73.8676259
  ],
  "101-24 ASTORIA BOULEVARD, QUEENS": [
    40.7613951,
    -73.8674151
  ],
  "101-18 ASTORIA BOULEVARD, QUEENS": [
    40.7615026,
    -73.8676269
  ],
  "101-06 ASTORIA BOULEVARD, QUEENS": [
    40.7612576,
    -73.8654829
  ],
  "100-15 ASTORIA BOULEVARD, QUEENS": [
    40.7620874,
    -73.8687679
  ],
  "100-11 ASTORIA BOULEVARD, QUEENS": [
    40.7621111,
    -73.8688949
  ],
  "99-10 ASTORIA BOULEVARD, QUEENS": [
    40.7648953,
    -73.8859673
  ],
  "99-07 ASTORIA BLVD, QUEENS": [
    40.7649166,
    -73.8869905
  ],
  "98-19 ASTORIA BOULEVARD, QUEENS": [
    40.7624025,
    -73.8706067
  ],
  "98-17 ASTORIA BOULEVARD, QUEENS": [
    40.7624679,
    -73.8707012
  ],
  "98-15 ASTORIA BOULEVARD, QUEENS": [
    40.7624445,
    -73.8708509
  ],
  "98-13 ASTORIA BLVD, QUEENS": [
    40.7627128,
    -73.8731052
  ],
  "98-09 ASTORIA BLVD, QUEENS": [
    40.7625141,
    -73.8709993
  ],
  "98-16 ASTORIA BOULEVARD, QUEENS": [
    40.7619295,
    -73.8706412
  ],
  "98-01 ASTORIA BOULEVARD, QUEENS": [
    40.7625776,
    -73.8712408
  ],
  "25-74 98 STREET, QUEENS": [
    40.7626538,
    -73.8715437
  ],
  "25-48 96TH ST, QUEENS": [
    40.7630403,
    -73.8735631
  ],
  "25-47 96TH ST, QUEENS": [
    40.7631163,
    -73.8731076
  ],
  "95-13 ASTORIA BOULEVARD, QUEENS": [
    40.7629559,
    -73.8736789
  ],
  "94-15 ASTORIA BOULEVARD, QUEENS": [
    40.7631251,
    -73.8746198
  ],
  "94-11 ASTORIA BOULEVARD, QUEENS": [
    40.7632087,
    -73.8747805
  ],
  "94-09 ASTORIA BOULEVARD, QUEENS": [
    40.7631801,
    -73.8748488
  ],
  "94-07 ASTORIA BOULEVARD, QUEENS": [
    40.7631825,
    -73.8749217
  ],
  "93-13 ASTORIA BLVD, QUEENS": [
    40.7633144,
    -73.8756982
  ],
  "94-12 ASTORIA BLVD, QUEENS": [
    40.7626483,
    -73.8747475
  ],
  "94-10 ASTORIA BLVD, QUEENS": [
    40.7626506,
    -73.8748136
  ],
  "94-08 ASTORIA BLVD, QUEENS": [
    40.7626675,
    -73.8748815
  ],
  "94-20 ASTORIA BLVD, QUEENS": [
    40.7626708,
    -73.8745007
  ],
  "95-06 ASTORIA BLVD, QUEENS": [
    40.7624551,
    -73.8737853
  ],
  "95-16 ASTORIA BOULEVARD, QUEENS": [
    40.7624005,
    -73.8734938
  ],
  "90-13 ASTORIA BOULEVARD, QUEENS": [
    40.7637849,
    -73.8785819
  ],
  "89-07 ASTORIA BLVD, QUEENS": [
    40.7640411,
    -73.8797541
  ],
  "25-01 88 STREET, QUEENS": [
    40.7635228,
    -73.8809226
  ],