{
  "77-03 31 AVENUE, QUEENS": [
    40.7612598,
    -73.8665499
  ],
  "77-11 31ST AVE, QUEENS": [
    40.7590127,
    -73.8901993
  ],
  "98-15 ASTORIA BOULEVARD, QUEENS": [
    40.7624445,
    -73.8708509
  ],
  "98-13 ASTORIA BLVD, QUEENS": [
    40.7621382,
    -73.8706561
  ],
  "98-11 ASTORIA BLVD, QUEENS": [
    40.7621382,
    -73.8706561
  ],
  "98-09 ASTORIA BLVD, QUEENS": [
    40.7625141,
    -73.8709993
  ],
  "98-07 ASTORIA BLVD, QUEENS": [
    40.762535,
    -73.8710752
  ],
  "98-03 ASTORIA BOULEVARD, QUEENS": [
    40.7624961,
    -73.8711597
  ],
  "25-74 98 STREET, QUEENS": [
    40.7626538,
    -73.8715437
  ],
  "95-13 ASTORIA BOULEVARD, QUEENS": [
    40.7629559,
    -73.8736789
  ],
  "95-03 ASTORIA BLVD, QUEENS": [
    40.7621382,
    -73.8706561
  ],
  "94-11 ASTORIA BOULEVARD, QUEENS": [
    40.7632087,
    -73.8747805
  ],
  "94-15 ASTORIA BOULEVARD, QUEENS": [
    40.7631251,
    -73.8746198
  ],
  "94-09 ASTORIA BOULEVARD, QUEENS": [
    40.7631801,
    -73.8748488
  ],
  "94-08 ASTORIA BLVD, QUEENS": [
    40.7626675,
    -73.8748815
  ],
  "91-16 25TH AVE, QUEENS": [
    40.7644092,
    -73.8738536
  ],
  "91-08 25 AVENUE, QUEENS": [
    40.7644092,
    -73.8738536
  ],
  "87-12 ASTORIA BLVD, QUEENS": [
    40.7638929,
    -73.8817035
  ],
  "84-04 ASTORIA BOULEVARD, QUEENS": [
    40.7650237,
    -73.8867149
  ],
  "23-58 83 STREET, QUEENS": [
    40.7654943,
    -73.8864449
  ],
  "25-39 BOODY ST, QUEENS": [
    40.7611159,
    -73.8974022
  ],
  "25-16 71 STREET, QUEENS": [
    40.7614579,
    -73.8970752
  ],
  "75-06 31 AVENUE, QUEENS": [
    40.7584468,
    -73.8922739
  ],
  "62-05 30 AVENUE, QUEENS": [
    40.7601604,
    -73.900999
  ],
  "61-02 31 AVENUE, QUEENS": [
    40.7574601,
    -73.901721
  ],
  "57-07 31ST AVE, QUEENS": [
    40.7577364,
    -73.9036164
  ],
  "56-02 31 AVE, QUEENS": [
    40.7568392,
    -73.9051885
  ],
  "50-27 31 AVENUE, QUEENS": [
    40.7572375,
    -73.9080539
  ],
  "51-10 31 AVENUE, QUEENS": [
    40.7568352,
    -73.9076183
  ],
  "31-15 51 STREET, QUEENS": [
    40.7563374,
    -73.9078327
  ],
  "24-60 77TH STREET, QUEENS": [
    40.7626592,
    -73.8916511
  ],
  "25-02 76TH ST, QUEENS": [
    40.7622774,
    -73.8925434
  ],
  "80-02 ASTORIA BLVD, QUEENS": [
    40.7651176,
    -73.8888574
  ],
  "24-02 82 STREET, QUEENS": [
    40.766249,
    -73.8876034
  ],
  "82-06 ASTORIA BLVD, QUEENS": [
    40.7621382,
    -73.8706561
  ],
  "30-01 83 STREET, QUEENS": [
    40.7611993,
    -73.8852121
  ],
  "88-15 31ST AVE, QUEENS": [
    40.7600036,
    -73.8799324
  ],
  "30-65 84TH ST, QUEENS": [
    40.7595812,
    -73.8840242
  ],
  "82-16 31 AVENUE, QUEENS": [
    40.7590972,
    -73.8853249
  ],
  "76-02 25 AVENUE, QUEENS": [
    40.7622425,
    -73.8921173
  ],
  "80-08 24TH AVE, QUEENS": [
    40.7645328,
    -73.8885635
  ],
  "99-07 ASTORIA BLVD, QUEENS": [
    40.7621382,
    -73.8706561
  ],
  "100-15 ASTORIA BOULEVARD, QUEENS": [
    40.7620874,
    -73.8687679
  ],
  "101-24 ASTORIA BOULEVARD, QUEENS": [
    40.7613951,
    -73.8674151
  ],
  "102-21 ASTORIA BOULEVARD, QUEENS": [
    40.7650237,
    -73.8867149
  ],
  "102-15 29TH AVE, QUEENS": [
    40.7618659,
    -73.8669434
  ],
  "104-44 DITMARS BOULEVARD, QUEENS": [
    40.7669224,
    -73.8658548
  ],
  "30-46 86 ST, QUEENS": [
    40.7602568,
    -73.8826427
  ],
  "24-12 82ND STREET, QUEENS": [
    40.7644468,
    -73.8872595
  ],
  "85-05 ASTORIA BLVD, QUEENS": [
    40.7621382,
    -73.8706561
  ],
  "89-15 ASTORIA BLVD, QUEENS": [
    40.7640067,
    -73.8796239
  ],
  "89-10 ASTORIA BLVD, QUEENS": [
    40.7621382,
    -73.8706561
  ],
  "32-01 82 STREET, QUEENS": [
    40.7575692,
    -73.8854912
  ],
  "62-57 30 AVENUE, QUEENS": [
    40.7618652,
    -73.9106584
  ],
  "32-01 75 STREET, QUEENS": [
    40.7568871,
    -73.8919383
  ],
  "31-54 76TH ST, QUEENS": [
    40.7572077,
    -73.8915904
  ],
  "32-01 76 STREET, QUEENS": [
    40.7569843,
    -73.8910803
  ],
  "32-01 85 STREET, QUEENS": [
    40.7578628,
    -73.8827076
  ],
  "88-01 32 AVENUE, QUEENS": [
    40.7585203,
    -73.8800725
  ],
  "30-05 90TH STREET, QUEENS": [
    40.7617576,
    -73.8787076
  ],
  "87-01 25 AVENUE, QUEENS": [
    40.763669,
    -73.881928
  ],
  "88-15 ASTORIA BLVD, QUEENS": [
    40.7621382,
    -73.8706561
  ],
  "30-66 85TH ST, QUEENS": [
    40.7596457,
    -73.8834974
  ],
  "72-05 ASTORIA BLVD N, QUEENS": [
    40.7677135,
    -73.9013744
  ],
  "22-38 73RD ST, QUEENS": [
    40.7670783,
    -73.8961967
  ],
  "22-46 49 STREET, QUEENS": [
    40.7679336,
    -73.9017552
  ],
  "82-01 25 AVENUE, QUEENS": [
    40.7632486,
    -73.8866185
  ],
  "82-17 ASTORIA BOULEVARD, QUEENS": [
    40.7650237,
    -73.8867149
  ],
  "24-36 81 STREET, QUEENS": [
    40.7636819,
    -73.888057
  ],
  "83-13 31ST AVE, QUEENS": [
    40.759579,
    -73.8846223
  ],
  "103-01 ASTORIA BOULEVARD, QUEENS": [
    40.7616244,
    -73.8660278
  ],
  "101-15 ASTORIA BOULEVARD, QUEENS": [
    40.7618964,
    -73.8676259
  ]
}